ID_case;ID_study;Study_name;Study_type;Water_category;No_samples;Response_group;Response_variable;Response_range;Response_type;Stressor1_variable;Stressor1_range;Stressor1_group;Stressor1_RegCoef;Stressor1_p-value;Stressor2_variable;Stressor2_range;Stressor2_group;Stressor2_RegCoef;Stressor2_p-value;GLMM_random;Interaction_RegCoef;Interaction_p-value;Stressor_pair;Effect_type;Marginal_R2;Marginal_R2_change;Interaction_type;Perc_AES
1;1;Fish-trait responses in French lakes;Cross-basin;Lake;118;Fish;Water quality intolerant fish species biomass;0 to 32.2 g/m²/night;Functional traits;Mean annual total phosphorus concentration;8 to 495 µg P/L;Nutrient stress;-0.388;0;Mean air temperature in July;16.8 to 24.7 °C;Thermal stress;-0.026;0.74;Site, Year;0.051;0.508;Nutrient|Thermal;Dominance;0.138;NA;NA;77.85
2;1;Fish-trait responses in French lakes;Cross-basin;Lake;118;Fish;Invertivorous and piscivorous fish abundance;0.002 to 2.047 individual/m²/night;Functional traits;Mean annual total phosphorus concentration;8 to 495 µg P/L;Nutrient stress;0.213;0.027;Mean air temperature in July;16.8 to 24.7 °C;Thermal stress;-0.039;0.683;Site, Year;-0.007;0.941;Nutrient|Thermal;Dominance;0.05;NA;NA;64.84
3;1;Fish-trait responses in French lakes;Cross-basin;Lake;118;Fish;Water quality intolerant fish species abundance;0 to 0.1454 individual/m²/night;Functional traits;Mean annual total phosphorus concentration;8 to 495 µg P/L;Nutrient stress;-0.365;0;Mean air temperature in July;16.8 to 24.7 °C;Thermal stress;-0.008;0.925;Site, Year;0.049;0.574;Nutrient|Thermal;Dominance;0.125;NA;NA;84.59
4;1;Fish-trait responses in French lakes;Cross-basin;Lake;118;Fish;Planktivorous fish species biomass;0 to 76.6 g/m²/night;Functional traits;Mean annual total phosphorus concentration;8 to 495 µg P/L;Nutrient stress;0.47;0;Mean air temperature in July;16.8 to 24.7 °C;Thermal stress;-0.086;0.312;Site, Year;0.016;0.854;Nutrient|Thermal;Dominance;0.242;NA;NA;69.79
5;1;Fish-trait responses in French lakes;Cross-basin;Lake;118;Fish;Benthic fish abundance;0.001 to 3.288 individual/m²/night;Functional traits;Mean annual total phosphorus concentration;8 to 495 µg P/L;Nutrient stress;0.413;0;Mean air temperature in July;16.8 to 24.7 °C;Thermal stress;-0.05;0.529;Site, Year;-0.048;0.527;Nutrient|Thermal;Dominance;0.163;NA;NA;61.66
6;1;Fish-trait responses in French lakes;Cross-basin;Lake;118;Fish;Fish abundance of reproduction guild: non-egg-guarding, on substrate;0.044 to 4.786 individual/m²/night;Functional traits;Mean annual total phosphorus concentration;8 to 495 µg P/L;Nutrient stress;-0.308;0.003;Mean air temperature in July;16.8 to 24.7 °C;Thermal stress;-0.022;0.797;Site, Year;0.067;0.44;Nutrient|Thermal;Dominance;0.086;NA;NA;71.82
7;1;Fish-trait responses in French lakes;Cross-basin;Lake;118;Fish;Invertivorous fish species abundance;0 to 2.505 individual/m²/night;Functional traits;Mean annual total phosphorus concentration;8 to 495 µg P/L;Nutrient stress;-0.338;0;Mean air temperature in July;16.8 to 24.7 °C;Thermal stress;0.16;0.073;Site, Year;0.069;0.44;Nutrient|Thermal;Dominance;0.155;NA;NA;19.41
8;1;Fish-trait responses in French lakes;Cross-basin;Lake;118;Fish;Fish biomass of reproduction guild: non-egg-guarding, in cavities;0 to 32.2 g/m²/night;Functional traits;Mean annual total phosphorus concentration;8 to 495 µg P/L;Nutrient stress;-0.343;0.001;Mean air temperature in July;16.8 to 24.7 °C;Thermal stress;-0.064;0.386;Site, Year;0.071;0.312;Nutrient|Thermal;Dominance;0.102;NA;NA;58.38
9;1;Fish-trait responses in French lakes;Cross-basin;Lake;118;Fish;Invertivorous fish species biomass;0 to 45.3 g/m²/night;Functional traits;Mean annual total phosphorus concentration;8 to 495 µg P/L;Nutrient stress;-0.336;0;Mean air temperature in July;16.8 to 24.7 °C;Thermal stress;0.21;0.018;Site, Year;0.105;0.233;Nutrient|Thermal;Additive;0.175;NA;NA;3.16
10;1;Fish-trait responses in French lakes;Cross-basin;Lake;118;Fish;Piscivorous fish species biomass;0 to 36.4 g/m²/night;Functional traits;Mean annual total phosphorus concentration;8 to 495 µg P/L;Nutrient stress;0.105;0.271;Mean air temperature in July;16.8 to 24.7 °C;Thermal stress;-0.239;0.012;Site, Year;-0.131;0.161;Nutrient|Thermal;Dominance;0.076;NA;NA;-55.73
11;1;Fish-trait responses in French lakes;Cross-basin;Lake;118;Fish;Lithophilous fish species abundance;0 to 1.002 individual/m²/night;Functional traits;Mean annual total phosphorus concentration;8 to 495 µg P/L;Nutrient stress;-0.032;0.733;Mean air temperature in July;16.8 to 24.7 °C;Thermal stress;0.336;0;Site, Year;0.197;0.01;Nutrient|Thermal;Interact;0.129;17.31;opposing;-88.59
12;1;Fish-trait responses in French lakes;Cross-basin;Lake;116;Fish;Abundance ratio roach:perch;0 to 1;Biodiversity;Mean annual total phosphorus concentration;8 to 495 µg P/L;Nutrient stress;0.249;0.013;Mean air temperature in July;16.8 to 24.7 °C;Thermal stress;0.103;0.27;Site, Year;0.175;0.048;Nutrient|Thermal;Interact;0.106;31.71;synergism;27.83
13;2;Ruhr catchment;Basin;River;222;Benthic invertebrates;German Invertebrate Asssessment Index;0 to 0.96 EQR units;Biodiversity;Mean annual total nitrogen concentration;0.9 to 10.4 mg N/L;Nutrient stress;-0.211;0.001;Degradation of the bed structure;1 to 7 hymo score;Morphological stress;-0.384;0;NA;0.046;0.392;Nutrient|Morphological;Additive;0.222;NA;NA;-26.92
14;3;Welsh catchments;Basin;River;22;Benthic invertebrates;Response-trait diversity;0.344 to 0.744;Functional traits;Mean annual total oxidised nitrogen;1.62 to 92.60 mg N/l;Nutrient stress;-0.029;0.259;Annual maximum discharge;0.17 to 4.24 m3/s;Hydrological stress;0.059;0.019;NA;0.044;0.167;Nutrient|Hydrological;Dominance;0.288;NA;NA;-56.34
15;4;Thames catchment;Basin;River;124;Phytoplankton;Chlorophyll-a concentration;2 to 77 µg/l;Biomass/Abundance;Mean total phosphorus concentration over growing season;27 to 1057 µg P/l;Nutrient stress;0.337;0.005;Low flow pulse duration;0 to 84 days;Hydrological stress;0.067;0.2;Site, Year;0.044;0.295;Nutrient|Hydrological;Dominance;0.137;NA;NA;60.03
16;4;Thames catchment;Basin;River;124;Phytoplankton;Chlorophyll-a concentration;2 to 77 µg/l;Biomass/Abundance;Mean total phosphorus concentration over growing season;27 to 1057 µg P/l;Nutrient stress;0.356;0.004;Number of low flow pulses;0 to 27 times;Hydrological stress;0.039;0.455;Site, Year;-0.004;0.925;Nutrient|Hydrological;Dominance;0.142;NA;NA;79.4
17;4;Thames catchment;Basin;River;124;Phytoplankton;Chlorophyll-a concentration;2 to 77 µg/l;Biomass/Abundance;Mean total phosphorus concentration over growing season;27 to 1057 µg P/l;Nutrient stress;0.42;0.001;High flow pulse duration;1 to 99 days;Hydrological stress;0.085;0.183;Site, Year;0.048;0.319;Nutrient|Hydrological;Dominance;0.17;NA;NA;60.66
18;4;Thames catchment;Basin;River;124;Phytoplankton;Chlorophyll-a concentration;2 to 77 µg/l;Biomass/Abundance;Mean total phosphorus concentration over growing season;27 to 1057 µg P/l;Nutrient stress;0.422;0.001;Number of high flow pulses;1 to 29 times;Hydrological stress;-0.02;0.738;Site, Year;0.121;0.013;Nutrient|Hydrological;Interact;0.173;20.17;opposing;92.88
19;4;Thames catchment;Basin;River;123;Phytoplankton;Chlorophyll-a concentration;2 to 77 µg/l;Biomass/Abundance;Mean total phosphorus concentration over growing season;27 to 1057 µg P/l;Nutrient stress;0.237;0.028;Number of water degree days above 9°C;107 to 271 days;Thermal stress;0.406;0;Site, Year;0.028;0.552;Nutrient|Thermal;Additive;0.325;NA;NA;NA
20;4;Thames catchment;Basin;River;121;Phytoplankton;Chlorophyll-a concentration;2 to 77 µg/l;Biomass/Abundance;Number of high flow pulses;1 to 29 times;Hydrological stress;0.018;0.755;Number of water degree days above 9°C;107 to 271 days;Thermal stress;0.454;0;Site, Year;-0.019;0.679;Hydrological|Thermal;Dominance;0.25;NA;NA;NA
21;4;Thames catchment;Basin;River;121;Phytoplankton;Chlorophyll-a concentration;2 to 77 µg/l;Biomass/Abundance;High flow pulse duration;1 to 99 days;Hydrological stress;-0.003;0.948;Number of water degree days above 9°C;107 to 271 days;Thermal stress;0.46;0;Site, Year;-0.019;0.67;Hydrological|Thermal;Dominance;0.252;NA;NA;NA
22;4;Thames catchment;Basin;River;121;Phytoplankton;Chlorophyll-a concentration;2 to 77 µg/l;Biomass/Abundance;Number of low flow pulses;0 to 27 times;Hydrological stress;0.062;0.204;Number of water degree days above 9°C;107 to 271 days;Thermal stress;0.457;0;Site, Year;0.069;0.055;Hydrological|Thermal;Dominance;0.272;NA;NA;NA
23;4;Thames catchment;Basin;River;121;Phytoplankton;Chlorophyll-a concentration;2 to 77 µg/l;Biomass/Abundance;Low flow pulse duration;0 to 84 days;Hydrological stress;0.095;0.053;Number of water degree days above 9°C;107 to 271 days;Thermal stress;0.463;0;Site, Year;0.084;0.029;Hydrological|Thermal;Interact;0.282;14.75;synergism;NA
24;5;AU Stream Mesocosm Experiment;Experiment;River;168;Benthic invertebrates;Average score per Taxon (ASPT);3.50 to 6.57 ASPT units;Biodiversity;Nutrient treatment (ammonium, nitrate and orthophosphate addition);NO3: 1.2 to 3.0 mg N/L, NH4: 0.1 to 1.8 mg N/l, PO4: 10 to 50 µg P/l;Nutrient stress;-0.162;0.331;Low flow treatment;0.02 to 0.07 cm/s;Hydrological stress;-0.401;0.01;Channel;-0.028;0.896;Nutrient|Hydrological;Dominance;0.188;NA;NA;-40.47
25;6;HyTEC phytobenthos;Experiment;River;24;Phytobenthos;Periphytic algal biomass;0.50 ± 0.15 µg/cm to 4.02 ± 0.32 µg/cm;Biomass/Abundance;Nutrient treatment (nitrogen addition);NO3: 818.7 ± 58.6 to 825.7 ± 46.8 μg N/l, NH4: 18.5 ± 8.2 to 21.7 ± 4.3 μg N/l;Nutrient stress;-1.035;0.004;Hydropeaking treatment;0.10 ± 0.09 m/s to 0.51 ± 0.09 m/s;Hydrological stress;1.408;0;Channel;-0.707;0.072;Nutrient|Hydrological;Additive;0.871;NA;NA;10.62
26;6;HyTEC phytobenthos;Experiment;River;24;Phytobenthos;Share of cyanobacteria biomass;0 to 16 %;Biodiversity;Nutrient treatment (nitrogen addition);NO3: 818.7 ± 58.6 to 825.7 ± 46.8 μg N/l, NH4: 18.5 ± 8.2 to 21.7 ± 4.3 μg N/l;Nutrient stress;0.612;0.052;Hydropeaking treatment;0.10 ± 0.09 m/s to 0.51 ± 0.09 m/s;Hydrological stress;-1.611;0;Channel;1.305;0.002;Nutrient|Hydrological;Interact;0.879;11.59;opposing;8.66
27;6;HyTEC phytobenthos;Experiment;River;24;Phytobenthos;Share of chlorophyte biomass;0 to 64 %;Biodiversity;Nutrient treatment (nitrogen addition);NO3: 818.7 ± 58.6 to 825.7 ± 46.8 μg N/l, NH4: 18.5 ± 8.2 to 21.7 ± 4.3 μg N/l;Nutrient stress;-0.44;0.422;Hydropeaking treatment;0.10 ± 0.09 m/s to 0.51 ± 0.09 m/s;Hydrological stress;0.9;0.071;Channel;-1.442;0.044;Nutrient|Hydrological;Interact;0.605;17.9;reversal;35.29
28;6;HyTEC phytobenthos;Experiment;River;24;Phytobenthos;Share of diatom biomass;31 to 100 %;Biodiversity;Nutrient treatment (nitrogen addition);NO3: 818.7 ± 58.6 to 825.7 ± 46.8 μg N/l, NH4: 18.5 ± 8.2 to 21.7 ± 4.3 μg N/l;Nutrient stress;-0.203;0.699;Hydropeaking treatment;0.10 ± 0.09 m/s to 0.51 ± 0.09 m/s;Hydrological stress;-1.668;0.002;Channel;1.986;0.007;Nutrient|Hydrological;Interact;0.628;34.8;reversal;-37.98
29;7;Võrtsjärv lake;Basin;Lake;33;Phytoplankton;Cyanobacteria biomass;3.6 to 30.1 g/m3;Biomass/Abundance;Mean summer total phosphorus concentration;29.7 to 83.3 µg P/l;Nutrient stress;0.276;0.052;Mean summer air temperature;13.35 to 21.88 °C;Thermal stress;-0.045;0.757;NA;0.42;0.014;Nutrient|Thermal;Interact;0.251;62.9;opposing;87.73
30;8;Diagnostic stressor-specific metric analysis;Cross-basin;River;401;Benthic invertebrates;German Saprobic Index;1.61 to 2.99 SI units;Biodiversity;Mean annual total phosphorus concentration;10 to 1170 µg P/l;Nutrient stress;0.177;0;Lack of specific natural channel features;1 to 7 hymo score;Morphological stress;0.313;0;Year;0.021;0.659;Nutrient|Morphological;Additive;0.163;NA;NA;-26.75
31;8;Diagnostic stressor-specific metric analysis;Cross-basin;River;401;Benthic invertebrates;German Saprobic Index;1.61 to 2.99 SI units;Biodiversity;Mean annual total phosphorus concentration;10 to 1170 µg P/l;Nutrient stress;0.173;0;Lack of specific natural bank features;1 to 7 hymo score;Morphological stress;0.34;0;Year;0.012;0.798;Nutrient|Morphological;Additive;0.184;NA;NA;-31.69
32;8;Diagnostic stressor-specific metric analysis;Cross-basin;River;401;Benthic invertebrates;German Saprobic Index;1.61 to 2.99 SI units;Biodiversity;Mean annual total phosphorus concentration;10 to 1170 µg P/l;Nutrient stress;0.209;0;Constancy of channel cross section width;1 to 7 hymo score;Morphological stress;0.296;0;Year;-0.004;0.935;Nutrient|Morphological;Additive;0.155;NA;NA;-17.09
33;8;Diagnostic stressor-specific metric analysis;Cross-basin;River;401;Benthic invertebrates;German Saprobic Index;1.61 to 2.99 SI units;Biodiversity;Mean annual total phosphorus concentration;10 to 1170 µg P/l;Nutrient stress;0.198;0;Degradation of riparian buffer strip;1 to 7 hymo score;Morphological stress;0.269;0;Year;0.016;0.752;Nutrient|Morphological;Additive;0.135;NA;NA;-14.66
34;9;Odense catchment (invertebrates & macrophytes);Basin;River;124;Benthic invertebrates;Danish Invertebrate Index for Streams;0.22 to 1.05 EQR units;Biodiversity;River sinuosity;Classes 1 to 4;Morphological stress;0.494;0;Low flow Q90 standardised;0.03 to 0.93;Hydrological stress;0.259;0.001;Strahler number;0.053;0.492;Hydrological|Morphological;Additive;0.406;NA;NA;NA
35;9;Odense catchment (invertebrates & macrophytes);Basin;River;100;Benthic invertebrates;Average score per Taxon (ASPT);3.83 to 6.61 ASPT units;Biodiversity;Mean annual total phosphorus concentration;14 to 558 µg P/l;Nutrient stress;0.352;0;Minimum annual river discharge;0 to 10.4 m3/s;Hydrological stress;-0.526;0;NA;-0.15;0.172;Nutrient|Hydrological;Additive;0.37;NA;NA;-31.48
36;9;Odense catchment (invertebrates & macrophytes);Basin;River;100;Benthic invertebrates;Average score per Taxon (ASPT);3.83 to 6.61 ASPT units;Biodiversity;Mean annual total phosphorus concentration;14 to 558 µg P/l;Nutrient stress;-0.248;0.022;Maximum annual water temperature;13.6 to 24.8 °C;Thermal stress;-0.381;0;NA;-0.162;0.081;Nutrient|Thermal;Additive;0.27;NA;NA;-16.82
37;9;Odense catchment (invertebrates & macrophytes);Basin;River;100;Benthic invertebrates;Danish Invertebrate Index for Streams;0.22 to 1.05 EQR units;Biodiversity;River sinuosity;Classes 1 to 4;Morphological stress;0.493;0;Mean annual total phosphorus concentration;14 to 339 µg P/l;Nutrient stress;-0.292;0.001;Strahler number;-0.143;0.11;Nutrient|Morphological;Additive;0.433;NA;NA;-6.29
38;9;Odense catchment (invertebrates & macrophytes);Basin;River;100;Benthic invertebrates;Danish Invertebrate Index for Streams;0.22 to 1.05 EQR units;Biodiversity;Low flow Q90 standardised;0.03 to 0.93;Hydrological stress;0.271;0.005;Mean annual total phosphorus concentration;14 to 339 µg P/l;Nutrient stress;-0.334;0.002;Strahler number;0.001;0.993;Nutrient|Hydrological;Additive;0.251;NA;NA;10.25
39;10;IGB LakeLab MARS Mesocosm Experiment 1;Experiment;Lake;168;Phytoplankton;Plankton total biovolume;0.07 to 2.59 mm3/l;Biomass/Abundance;Nutrient treatment (phosphorus addition);9 to 64 µg P/l;Nutrient stress;0.132;0.048;Water colour treatment (addition of humic substances);0 to 96 Pt;Physico-chemical stress;-0.585;0;Day;-0.228;0;Nutrient|Chemical;Interact;0.334;18.87;opposing;-72.15
40;10;IGB LakeLab MARS Mesocosm Experiment 1;Experiment;Lake;168;Phytoplankton;Share of cryptophyte biomass;1 to 98%;Biodiversity;Nutrient treatment (phosphorus addition);9 to 64 µg P/l;Nutrient stress;-0.175;0.018;Water colour treatment (addition of humic substances);0 to 96 Pt;Physico-chemical stress;0.281;0;Day;0.049;0.394;Nutrient|Chemical;Additive;0.067;NA;NA;-30.65
41;10;IGB LakeLab MARS Mesocosm Experiment 1;Experiment;Lake;105;Phytoplankton;Share of cyanobacteria biomass;0 to 85%;Biodiversity;Nutrient treatment (phosphorus addition);9 to 64 µg P/l;Nutrient stress;0.03;0.713;Water colour treatment (addition of humic substances);0 to 96 Pt;Physico-chemical stress;-0.494;0;Day;-0.077;0.239;Nutrient|Chemical;Dominance;0.199;NA;NA;-0.9
42;10;IGB LakeLab MARS Mesocosm Experiment 2;Experiment;Lake;21;Phytoplankton;Plankton total biovolume;0.07 to 2.59 mm3/l;Biomass/Abundance;Nutrient treatment (phosphorus addition);9 to 64 µg P/l;Nutrient stress;0.466;0.036;Water colour treatment (addition of humic substances);0 to 96 Pt;Physico-chemical stress;-0.479;0.018;Mixing;-0.099;0.591;Nutrient|Chemical;Additive;0.323;NA;NA;-10.73
43;10;IGB LakeLab MARS Mesocosm Experiment 2;Experiment;Lake;21;Phytoplankton;Share of cyanobacteria biomass;0 to 85%;Biodiversity;Nutrient treatment (phosphorus addition);9 to 64 µg P/l;Nutrient stress;-0.004;0.983;Water colour treatment (addition of humic substances);0 to 96 Pt;Physico-chemical stress;-0.57;0.002;Mixing;0.138;0.395;Nutrient|Chemical;Dominance;0.378;NA;NA;-79.52
44;10;IGB LakeLab MARS Mesocosm Experiment 2;Experiment;Lake;21;Phytoplankton;Share of cryptophyte biomass;1 to 98%;Biodiversity;Nutrient treatment (phosphorus addition);9 to 64 µg P/l;Nutrient stress;-0.156;0.364;Water colour treatment (addition of humic substances);0 to 96 Pt;Physico-chemical stress;0.738;0;Mixing;0.222;0.16;Nutrient|Chemical;Dominance;0.559;NA;NA;-72.11
45;11;Multiple stressors in central European lowland rivers;Cross-basin;River;125;Benthic invertebrates;Share of invertebrates with life cycle duration: less than one year;50 to 89%;Functional traits;Mean annual orthophosphate concentration;3 to 786 µg P/l;Nutrient stress;-0.091;0.331;Amount of fine sediment (< 2mm);0 to 100%;Morphological stress;0.135;0.152;Season;0.263;0.003;Nutrient|Morphological;Interact;0.074;90.11;opposing;-62.81
46;11;Multiple stressors in central European lowland rivers;Cross-basin;River;125;Benthic invertebrates;Share of invertebrates with reproduction: cemented eggs;0 to 45%;Functional traits;Mean annual orthophosphate concentration;3 to 786 µg P/l;Nutrient stress;-0.287;0.001;Amount of fine sediment (< 2mm);0 to 100%;Morphological stress;-0.116;0.193;Season;0.212;0.012;Nutrient|Morphological;Interact;0.18;23.94;antagonism;27.79
47;11;Multiple stressors in central European lowland rivers;Cross-basin;River;125;Benthic invertebrates;Share of invertebrates with reproduction: asexual;0 to 10%;Functional traits;Mean annual orthophosphate concentration;3 to 786 µg P/l;Nutrient stress;0.382;0;Amount of fine sediment (< 2mm);0 to 100%;Morphological stress;-0.378;0;Season;-0.288;0;Nutrient|Morphological;Interact;0.227;35.12;reversal;-27.11
48;11;Multiple stressors in central European lowland rivers;Cross-basin;River;125;Benthic invertebrates;Share of invertebrates with reproduction cycle: one per year;29 to 73%;Functional traits;Mean annual orthophosphate concentration;3 to 786 µg P/l;Nutrient stress;-0.422;0;Amount of fine sediment (< 2mm);0 to 100%;Morphological stress;-0.146;0.084;Season;0.112;0.156;Nutrient|Morphological;Dominance;0.267;NA;NA;40.48
49;11;Multiple stressors in central European lowland rivers;Cross-basin;River;125;Benthic invertebrates;Share of invertebrates with reproduction cycle: more than one per year;17 to 69%;Functional traits;Mean annual orthophosphate concentration;3 to 786 µg P/l;Nutrient stress;0.47;0;Amount of fine sediment (< 2mm);0 to 100%;Morphological stress;0.035;0.672;Season;-0.187;0.014;Nutrient|Morphological;Interact;0.283;9.35;antagonism;62.95
50;11;Multiple stressors in central European lowland rivers;Cross-basin;River;125;Benthic invertebrates;Share of invertebrates with aquatic stage: larvae;25 to 48%;Functional traits;Mean annual orthophosphate concentration;3 to 786 µg P/l;Nutrient stress;-0.119;0.2;Amount of fine sediment (< 2mm);0 to 100%;Morphological stress;0.249;0.009;Season;0.235;0.008;Nutrient|Morphological;Interact;0.088;61.77;opposing;-60.52
51;11;Multiple stressors in central European lowland rivers;Cross-basin;River;125;Benthic invertebrates;Share of invertebrates with resistance: eggs;2 to 23%;Functional traits;Mean annual orthophosphate concentration;3 to 786 µg P/l;Nutrient stress;-0.146;0.1;Amount of fine sediment (< 2mm);0 to 100%;Morphological stress;0.25;0.006;Season;0.372;0;Nutrient|Morphological;Interact;0.162;82.58;opposing;-62.04
52;12;European very large rivers (fish);Cross-basin;River;650;Fish;Index of Fish Regions; -1.63 to 1.57;Functional traits;Mean annual nitrate concentration;0.02 to 4.48 mg N/l;Nutrient stress;-0.219;0;Riparian vegetation alteration (4 classes);Classes 1 to 4;Morphological stress;-0.216;0;River type;0.138;0.027;Nutrient|Morphological;Interact;0.179;3.46;antagonism;0.54
53;12;European very large rivers (fish);Cross-basin;River;650;Fish;Habitat quality intolerant fish abundance; -0.90 to 1.32;Functional traits;Mean annual nitrate concentration;0.02 to 4.48 mg N/l;Nutrient stress;-0.462;0;Riparian vegetation alteration (4 classes);Classes 1 to 4;Morphological stress;-0.2;0.002;River type;0.238;0.001;Nutrient|Morphological;Interact;0.375;19.03;antagonism;29.15
54;12;European very large rivers (fish);Cross-basin;River;650;Fish;Share of lithophilic fish individuals; -0.90 to 1.85;Functional traits;Mean annual nitrate concentration;0.02 to 4.48 mg N/l;Nutrient stress;-0.348;0;Riparian vegetation alteration (4 classes);Classes 1 to 4;Morphological stress;-0.156;0.017;River type;0.158;0.021;Nutrient|Morphological;Interact;0.234;23.19;antagonism;28.99
55;12;European very large rivers (fish);Cross-basin;River;649;Fish;Multimetric Index for Intercalibration; -0.79 to 1.07;Biodiversity;Mean annual nitrate concentration;0.02 to 4.48 mg N/l;Nutrient stress;-0.204;0.01;Degree of channelization (4 classes);Classes 1 to 4;Morphological stress;-0.405;0;River type;0.239;0;Nutrient|Morphological;Interact;0.32;5.4;antagonism;-23.77
56;13;European very large rivers (invertebrates);Cross-basin;River;749;Benthic invertebrates;Number of Ephemeroptera, Plecoptera, Trichoptera, Coleptera, Bivalvia, Odonata taxa (EPTCBO); -0.363 to 1.500;Biodiversity;Mean annual nitrate concentration;0.02 to 8.02 mg N/l;Nutrient stress;-0.157;0;Degree of channelization (4 classes);Classes 1 to 4;Morphological stress;-0.35;0;NA;0.029;0.35;Nutrient|Morphological;Additive;0.201;NA;NA;-36.09
57;13;European very large rivers (invertebrates);Cross-basin;River;749;Benthic invertebrates;Relative abundance of Ephemeroptera, Trichoptera, Odonata taxa; -0.450 to 2.082;Biodiversity;Mean annual nitrate concentration;0.02 to 8.02 mg N/l;Nutrient stress;-0.178;0;Degree of channelization (4 classes);Classes 1 to 4;Morphological stress;-0.268;0;NA;0.094;0.004;Nutrient|Morphological;Interact;0.173;5.36;antagonism;-16.72
58;13;European very large rivers (invertebrates);Cross-basin;River;743;Benthic invertebrates;Multimetric Index for Intercalibration; -0.008 to 1.220;Biodiversity;Mean annual nitrate concentration;0.02 to 8.02 mg N/l;Nutrient stress;-0.172;0;Riparian vegetation alteration (4 classes);Classes 1 to 4;Morphological stress;-0.322;0;NA;0.045;0.168;Nutrient|Morphological;Additive;0.191;NA;NA;-27.94
59;13;European very large rivers (invertebrates);Cross-basin;River;739;Benthic invertebrates;German Invertebrate Asssessment Index;0.07 to 1.17;Biodiversity;Mean annual orthophosphate concentration;1 to 635 µg P/l;Nutrient stress;-0.211;0;Degree of channelization (4 classes);Classes 1 to 4;Morphological stress;-0.239;0;NA;0.024;0.439;Nutrient|Morphological;Additive;0.116;NA;NA;-5.89
60;13;European very large rivers (invertebrates);Cross-basin;River;692;Benthic invertebrates;Average score per Taxon (ASPT); -0.480 to 1.500;Biodiversity;Mean annual total phosphorus concentration;4 to 910 µg/l;Nutrient stress;-0.278;0;Riparian vegetation alteration (4 classes);Classes 1 to 4;Morphological stress;-0.208;0;NA;0.002;0.962;Nutrient|Morphological;Additive;0.158;NA;NA;14.38
61;13;European very large rivers (invertebrates);Cross-basin;River;275;Benthic invertebrates;Number of Ephemeroptera, Plecoptera, Trichoptera taxa (EPT); -1.997 to 57.306;Biodiversity;Mean annual nitrate concentration;0.05 to 4.89 mg N/l;Nutrient stress;-0.352;0;Commercial navigation intensity (3 classes);Classes 1 to 3;Morphological stress;-0.28;0.003;NA;-0.183;0.02;Nutrient|Morphological;Interact;0.266;1.83;synergism;8.78
62;14;Finnish rivers (macrophytes);Cross-basin;River;128;Macrophytes;Finnish Macrophyte Index;0.07 to 1.53;Biodiversity;Mean total phosphorus concentration during ice-free period;3 to 147 µg P/l;Nutrient stress;-0.249;0.005;Degree of channelization;0 to 1.86 hymo score;Morphological stress;-0.103;0.234;NA;0.002;0.981;Nutrient|Morphological;Dominance;0.073;NA;NA;NA
63;17;European deep high alkalinity lakes (cyanobacteria) 1;Cross-basin;Lake;459;Phytoplankton;Cyanobacteria biomass;0 to 33.7 mm3/L;Biomass/Abundance;Mean spring total phosphorus concentration;3 to 2000 µg P/L;Nutrient stress;0.236;0;Mean summer air temperature;10.8 to 24.0 °C;Thermal stress;-0.103;0.003;Waterbody, Surface area;0.017;0.618;Nutrient|Thermal;Additive;0.079;NA;NA;41.89
64;17;European deep high alkalinity lakes (cyanobacteria) 1;Cross-basin;Lake;459;Phytoplankton;Cyanobacteria biomass;0 to 33.7 mm3/L;Biomass/Abundance;Mean spring total phosphorus concentration;3 to 2000 µg P/L;Nutrient stress;0.243;0;Total summer rainfall (June, July, August);20.4 to 116.3 mm;Hydrological stress;-0.014;0.76;Waterbody, Surface area;-0.022;0.56;Nutrient|Hydrological;Dominance;0.074;NA;NA;73.89
65;17;European deep high alkalinity lakes (cyanobacteria) 2;Cross-basin;Lake;414;Phytoplankton;Cyanobacteria biomass;0 to 26.9 mm3/L;Biomass/Abundance;Mean spring total phosphorus concentration;1 to 90 µg P/L;Nutrient stress;0.112;0.021;Mean summer air temperature;5.5 to 20.4 °C;Thermal stress;0.11;0.004;Waterbody;0.012;0.738;Nutrient|Thermal;Additive;0.064;NA;NA;1.01
66;17;European deep low alkalinity lakes (cyanobacteria) ;Cross-basin;Lake;422;Phytoplankton;Cyanobacteria biomass;0 to 12.1 mm3/L;Biomass/Abundance;Mean spring total phosphorus concentration;2 to 97 µg P/L;Nutrient stress;0.079;0.128;Mean summer air temperature;6.2 to 20.9 °C;Thermal stress;0.095;0.002;Waterbody, Surface area;0.053;0.058;Nutrient|Thermal;Dominance;0.171;NA;NA;-6.93
67;17;European shallow high alkalinity lakes (cyanobacteria) 1;Cross-basin;Lake;567;Phytoplankton;Cyanobacteria biomass;0 to 437.6 mm3/L;Biomass/Abundance;Mean spring total phosphorus concentration;7 to 1600 µg P/L;Nutrient stress;0.226;0;Mean summer air temperature;8.6 to 24.0 °C;Thermal stress;0.027;0.438;Waterbody, Surface area;0.036;0.327;Nutrient|Thermal;Dominance;0.14;NA;NA;69.22
68;17;European shallow high alkalinity lakes (cyanobacteria) 1;Cross-basin;Lake;567;Phytoplankton;Cyanobacteria biomass;0 to 437.6 mm3/L;Biomass/Abundance;Mean spring total phosphorus concentration;7 to 1600 µg P/L;Nutrient stress;0.229;0;Total summer rainfall (June, July, August);1.2 to 176.6 mm;Hydrological stress;-0.027;0.489;Waterbody, Surface area;-0.067;0.05;Nutrient|Hydrological;Dominance;0.14;NA;NA;41.44
69;17;European shallow high alkalinity lakes (cyanobacteria) 2;Cross-basin;Lake;158;Phytoplankton;Cyanobacteria biomass;0 to 47.5 mm3/L;Biomass/Abundance;Mean spring total phosphorus concentration;2 to 4100 µg P/L;Nutrient stress;0.195;0.048;Total summer rainfall (June, July, August);14.5 to 168.5 mm;Hydrological stress;-0.089;0.231;Waterbody;-0.001;0.991;Nutrient|Hydrological;Dominance;0.12;NA;NA;36.95
70;17;European shallow high alkalinity lakes (cyanobacteria) 2;Cross-basin;Lake;158;Phytoplankton;Cyanobacteria biomass;0 to 47.5 mm3/L;Biomass/Abundance;Mean spring total phosphorus concentration;2 to 4100 µg P/L;Nutrient stress;0.214;0.034;Mean summer air temperature;11.9 to 23.4 °C;Thermal stress;0.026;0.745;Waterbody;-0.062;0.419;Nutrient|Thermal;Dominance;0.11;NA;NA;62.15
71;17;European shallow low alkalinity lakes (cyanobacteria);Cross-basin;Lake;422;Phytoplankton;Cyanobacteria biomass;0 to 114.2 mm3/L;Biomass/Abundance;Mean spring total phosphorus concentration ;2 to 181 µg P/L;Nutrient stress;0.143;0.006;Total summer rainfall (June, July, August);4.2 to 181.3 mm;Hydrological stress;-0.011;0.696;Waterbody, Surface area;-0.03;0.309;Nutrient|Hydrological;Dominance;0.143;NA;NA;55.22
72;17;European shallow low alkalinity lakes (cyanobacteria);Cross-basin;Lake;422;Phytoplankton;Cyanobacteria biomass;0 to 114.2 mm3/L;Biomass/Abundance;Mean spring total phosphorus concentration;2 to 181 µg P/L;Nutrient stress;0.149;0.004;Mean summer air temperature;5.3 to 20.6 °C;Thermal stress;0.071;0.029;Waterbody, Surface area;0.052;0.114;Nutrient|Thermal;Additive;0.145;NA;NA;28.72
73;18;Lepsämänjoki catchment;Basin;River;176;Phytoplankton;Chlorophyll-a concentration;1.4 to 142.0 µg/l;Biomass/Abundance;Mean total phosphorus concentration over growing season;42 to 349 µg P/l;Nutrient stress;0.075;0.346;Mean water temperature over growing season;13.8 to 22.2 °C;Thermal stress;0.415;0;Site, Year;0.14;0.036;Nutrient|Thermal;Interact;0.212;99.99;synergism;NA
74;19;Pinios catchment;Basin;River;85;Benthic invertebrates;Average score per Taxon (ASPT);1.67 to 7.44  ASPT units;Biodiversity;Mean annual total phosphorus concentration;0 to 36 µg P/l;Nutrient stress;-0.279;0.013;Mean annual water temperature;8.3 to 25.2 °C;Thermal stress;-0.158;0.153;Year;0.09;0.391;Nutrient|Thermal;Dominance;0.142;NA;NA;22.96
75;19;Pinios catchment;Basin;River;85;Benthic invertebrates;Number of Ephemeroptera, Plecoptera, Trichoptera taxa (EPT);0 to 13;Biodiversity;Mean annual nitrate concentration;0 to 3.88 mg N/l;Nutrient stress;-0.429;0;Mean annual river discharge;0 to 8.54 m3/s;Hydrological stress;-0.014;0.858;Year;0.119;0.192;Nutrient|Hydrological;Dominance;0.245;NA;NA;73.77
76;19;Pinios catchment;Basin;River;85;Benthic invertebrates;Number of Ephemeroptera, Plecoptera, Trichoptera taxa (EPT);0 to 13;Biodiversity;Mean annual nitrate concentration;0 to 3.88 mg N/l;Nutrient stress;-0.38;0;Mean annual water temperature;8.3 to 25.2 °C;Thermal stress;-0.027;0.678;Year;0.132;0.048;Nutrient|Thermal;Interact;0.255;0.48;antagonism;65.37
77;19;Pinios catchment;Basin;River;85;Benthic invertebrates;Average score per Taxon (ASPT);1.67 to 7.44  ASPT units;Biodiversity;Mean annual nitrate concentration;0 to 3.88 mg N/l;Nutrient stress;-0.458;0;Mean annual river discharge;0 to 8.54 m3/s;Hydrological stress;-0.118;0.327;Year;0.071;0.608;Nutrient|Hydrological;Dominance;0.272;NA;NA;52.6
78;19;Pinios catchment;Basin;River;85;Benthic invertebrates;Average score per Taxon (ASPT);1.67 to 7.44  ASPT units;Biodiversity;Mean annual nitrate concentration;0 to 3.88 mg N/l;Nutrient stress;-0.524;0;Mean annual water temperature;8.3 to 25.2 °C;Thermal stress;0.027;0.814;Year;0.038;0.736;Nutrient|Thermal;Dominance;0.259;NA;NA;77.84
79;19;Pinios catchment;Basin;River;85;Benthic invertebrates;Average score per Taxon (ASPT);1.67 to 7.44  ASPT units;Biodiversity;Mean annual total phosphorus concentration;0 to 36 µg P/l;Nutrient stress;-0.249;0.018;Mean annual river discharge;0 to 8.54 m3/s;Hydrological stress;-0.27;0.015;Year;0.06;0.586;Nutrient|Hydrological;Additive;0.167;NA;NA;-3.61
80;19;Pinios catchment;Basin;River;85;Benthic invertebrates;Number of Ephemeroptera, Plecoptera, Trichoptera taxa (EPT);0 to 13;Biodiversity;Mean annual total phosphorus concentration;0 to 36 µg P/l;Nutrient stress;-0.098;0.164;Mean annual water temperature;8.3 to 25.2 °C;Thermal stress;-0.218;0;Year;0.134;0.005;Nutrient|Thermal;Interact;0.155;12.96;antagonism;-26.53
81;19;Pinios catchment;Basin;River;85;Benthic invertebrates;Number of Ephemeroptera, Plecoptera, Trichoptera taxa (EPT);0 to 13;Biodiversity;Mean annual total phosphorus concentration;0 to 36 µg P/l;Nutrient stress;-0.169;0.012;Mean annual river discharge;0 to 8.54 m3/s;Hydrological stress;-0.173;0.015;Year;0.146;0.041;Nutrient|Hydrological;Interact;0.128;22.17;antagonism;-0.77
82;19;Pinios catchment;Basin;River;85;Benthic invertebrates;Average score per Taxon (ASPT);1.67 to 7.44  ASPT units;Biodiversity;Mean annual nitrate concentration;0 to 3.88 mg N/l;Nutrient stress;-0.306;0.023;Mean annual dissolved oxygen concentration;3.7 to 14.4 mg O2/l;Physico-chemical stress;0.325;0.014;Year;-0.079;0.605;Nutrient|Chemical;Additive;0.325;NA;NA;NA
83;19;Pinios catchment;Basin;River;85;Benthic invertebrates;Number of Ephemeroptera, Plecoptera, Trichoptera taxa (EPT);0 to 13;Biodiversity;Mean annual river discharge;0 to 8.54 m3/s;Hydrological stress;-0.135;0.052;Mean annual dissolved oxygen concentration;3.7 to 14.4 mg O2/l;Physico-chemical stress;0.483;0;Year;0.021;0.784;Hydrological|Chemical;Dominance;0.471;NA;NA;NA
84;20;HyTEC invertebrates;Experiment;River;24;Benthic invertebrates;Ratio of drifted to all taxa;0.03 to 0.44;Behaviour;Hydropeaking treatment;2 to 20 l/s;Hydrological stress;1.866;0;Cold thermopeaking treatment;10.6 and 19.5 °C;Thermal stress;0.293;0.377;Channel;-0.584;0.216;Hydrological|Thermal;Dominance;0.678;NA;NA;NA
85;20;HyTEC invertebrates;Experiment;River;24;Benthic invertebrates;Ratio of drifted to all Hydropsychidae;0.03 to 1.00;Behaviour;Hydropeaking treatment;2 to 20 l/s;Hydrological stress;1.472;0.002;Cold thermopeaking treatment;10.6 and 19.5 °C;Thermal stress;-0.032;0.942;Channel;-0.518;0.402;Hydrological|Thermal;Dominance;0.434;NA;NA;NA
86;20;HyTEC invertebrates;Experiment;River;22;Benthic invertebrates;Ratio of drifted to all Ephemerellidae;0 to 0.19;Behaviour;Hydropeaking treatment;2 to 20 l/s;Hydrological stress;1.518;0.01;Cold thermopeaking treatment;10.6 and 19.5 °C;Thermal stress;0.388;0.428;Channel;-1.496;0.05;Hydrological|Thermal;Interact;0.284;51.35;antagonism;NA
87;21;Northern lakes (phytoplankton);Cross-basin;Lake;1075;Phytoplankton;Plankton Trophic Index; -1.43 to 2.44;Biodiversity;Mean total phosphorus concentration in August;1 to 1270 µg P/l;Nutrient stress;0.46;0;Mean air temperature in August;8.2 to 21.1 °C;Thermal stress;0.149;0;Waterbody, Year;0.031;0.081;Nutrient|Thermal;Additive;0.379;NA;NA;48.74
88;21;Northern lakes (phytoplankton);Cross-basin;Lake;1075;Phytoplankton;Cyanobacteria biomass;0 to 138 µg/l;Biomass/Abundance;Mean total phosphorus concentration in August;1 to 1270 µg P/l;Nutrient stress;0.306;0;Mean air temperature in August;8.2 to 21.1 °C;Thermal stress;0.227;0;Waterbody, Year;0.038;0.066;Nutrient|Thermal;Additive;0.23;NA;NA;13.86
89;21;Northern lakes (phytoplankton);Cross-basin;Lake;1066;Phytoplankton;Chlorophyll-a concentration;0.04 to 310.00 µg/l;Biomass/Abundance;Mean total phosphorus concentration in August;1 to 1270 µg P/l;Nutrient stress;0.54;0;Mean air temperature in August;8.2 to 21.1 °C;Thermal stress;0.188;0;Waterbody, Year;0.083;0;Nutrient|Thermal;Interact;0.48;4.42;synergism;43.35
90;22;Portuguese flumes;Experiment;River;20;Benthic invertebrates;Invertebrates drift porportion spring;0.372 to 0.837;Behaviour;Oxygen reduction treatment;100% ± 4 to 49% ± 24;Physico-chemical stress;1.203;0.001;Low flow treatment;0.06 ± 0.03 m/s to 0.2 ± 0.03 m/s;Hydrological stress;-0.704;0.036;NA;0.924;0.049;Hydrological|Chemical;Interact;0.772;6.35;opposing;NA
91;22;Portuguese flumes;Experiment;River;20;Benthic invertebrates;Invertebrates drift porportion winter;0.161 to 0.954;Behaviour;Oxygen reduction treatment;100% ± 4 to 49% ± 24;Physico-chemical stress;0.494;0.059;Low flow treatment;0.06 ± 0.03 m/s to 0.2 ± 0.03 m/s;Hydrological stress;-1.28;0;NA;2.007;0;Hydrological|Chemical;Interact;0.855;31.78;reversal;NA
92;23;Sorraia catchment;Basin;River;206;Fish;Share of native fish species;0 to 90%;Biodiversity;Number and duration of low flow events;0 to 106 events;Hydrological stress;0.209;0.029;Modelled total phosphorus concentration;3 to 1754 µg P/l;Nutrient stress;0.121;0.25;NA;0.152;0.083;Nutrient|Hydrological;Dominance;0.164;NA;NA;-18.36
93;23;Sorraia catchment;Basin;River;206;Fish;Number of water quality intolerant fish species;0 to 1;Functional traits;Number and duration of low flow events;0 to 106 events;Hydrological stress;-0.254;0.1;Modelled total phosphorus concentration;3 to 1754 µg P/l;Nutrient stress;-0.519;0.002;NA;-0.274;0.104;Nutrient|Hydrological;Dominance;0.16;NA;NA;25.25
94;24;Vansjø lake;Basin;Lake;87;Phytoplankton;Chlorophyll-a concentration consecutive days above 10.5 mg/m3;0 to 92 days;Biomass/Abundance;Mean summer air temperature;13.2 to 19.1 °C;Thermal stress;0.013;0.849;High flow (consecutive days > hist 90 perc Apr-Nov);0 to 87 days;Hydrological stress;-0.212;0.002;Year;-0.027;0.695;Hydrological|Thermal;Dominance;0.115;NA;NA;NA
95;24;Vansjø lake;Basin;Lake;87;Phytoplankton;Chlorophyll-a concentration;77.4 to 276.6 µg/l;Biomass/Abundance;Mean summer total phosphorus concentration;189 to 709 µg P/l;Nutrient stress;0.474;0;High flow (consecutive days > hist 90 perc Apr-Nov);0 to 87 days;Hydrological stress;-0.041;0.433;Year;-0.059;0.259;Nutrient|Hydrological;Dominance;0.59;NA;NA;65.16
96;24;Vansjø lake;Basin;Lake;87;Phytoplankton;Chlorophyll-a concentration;77.4 to 276.6 µg/l;Biomass/Abundance;Mean summer air temperature;13.2 to 19.1 °C;Thermal stress;0.003;0.951;High flow (consecutive days > hist 90 perc Apr-Nov);0 to 87 days;Hydrological stress;-0.227;0;Year;0.047;0.386;Hydrological|Thermal;Dominance;0.177;NA;NA;NA
97;24;Vansjø lake;Basin;Lake;87;Phytoplankton;Chlorophyll-a concentration consecutive days above 10.5 mg/m3;0 to 92 days;Biomass/Abundance;Mean summer air temperature;13.2 to 19.1 °C;Thermal stress;0.022;0.706;Mean summer total phosphorus concentration;189 to 709 µg P/l;Nutrient stress;0.451;0;Year;0.069;0.192;Nutrient|Thermal;Dominance;0.418;NA;NA;79.24
98;24;Vansjø lake;Basin;Lake;87;Phytoplankton;Chlorophyll-a concentration;77.4 to 276.6 µg/l;Biomass/Abundance;Mean summer air temperature;13.2 to 19.1 °C;Thermal stress;0.042;0.351;Mean summer total phosphorus concentration;189 to 709 µg P/l;Nutrient stress;0.464;0;Year;-0.08;0.053;Nutrient|Thermal;Dominance;0.589;NA;NA;72.15
99;24;Vansjø lake;Basin;Lake;87;Phytoplankton;Chlorophyll-a concentration consecutive days above 10.5 mg/m3;0 to 92 days;Biomass/Abundance;Mean summer total phosphorus concentration;189 to 709 µg P/l;Nutrient stress;0.401;0;High flow (consecutive days > hist 90 perc Apr-Nov);0 to 87 days;Hydrological stress;0;0.999;Year;0.193;0.004;Nutrient|Hydrological;Interact;0.422;13.74;opposing;99.98
100;25;Nervion catchment;Basin;River;106;Fish;AZTI’s Fish Index;0.33 to 0.94;Biodiversity;Mean annual ammonium concentration at the bottom;2.4 to 80.9 µmol/l;Nutrient stress;-0.444;0.002;Mean annual water temperature at the bottom;14.3 to 18.8 °C;Thermal stress;0.084;0.51;Site, Year;-0.06;0.392;Nutrient|Thermal;Dominance;0.163;NA;NA;71.54
101;26;Odense catchment (fish);Basin;River;80;Fish;Total fish abundance;0.3 to 617.8 CPUE;Biomass/Abundance;Mean annual total phosphorus concentration;14 to 558 µg P/l;Nutrient stress;-0.293;0.036;Maximum annual water temperature;13.6 to 24.8 °C;Thermal stress;-0.005;0.968;Strahler number;-0.06;0.677;Nutrient|Thermal;Dominance;0.075;NA;NA;80.46
102;26;Odense catchment (fish);Basin;River;80;Fish;Total fish abundance;0.3 to 617.8 CPUE;Biomass/Abundance;Mean annual total phosphorus concentration;14 to 558 µg P/l;Nutrient stress;-0.243;0.031;Minimum annual river discharge;0 to 10.4 m3/s;Hydrological stress;-0.117;0.292;Strahler number;-0.146;0.379;Nutrient|Hydrological;Dominance;0.084;NA;NA;24.9
103;26;Odense catchment (fish);Basin;River;61;Fish;Danish Fish Index for Streams;0.01 to 0.98 EQR units;Biodiversity;Low flow Q90 standardised;0.03 to 0.86;Hydrological stress;0.322;0.007;Maximum annual biological oxygen demand;1.3 to 13.0 mg O2/l;Physico-chemical stress;-0.363;0.003;Strahler number;0.091;0.493;Hydrological|Chemical;Additive;0.322;NA;NA;NA
104;27;HyTEC fish;Experiment;River;79;Fish;Stranding of brown trout specimens;0 to 52%;Behaviour;Hydropeaking treatment;Reference (25 l/s constant) and Hydropeak (125 l/s);Hydrological stress;-0.731;0;Artificial bank slope treatment;3.5, 6 and 11% lateral slope;Morphological stress;-0.323;0;Daytime;0.104;0.166;Hydrological|Morphological;Additive;0.585;NA;NA;NA
105;27;HyTEC fish;Experiment;River;79;Fish;Downstream drift of brown trout specimens;0 to 37%;Behaviour;Hydropeaking treatment;Reference (25 l/s constant) and Hydropeak (125 l/s);Hydrological stress;-0.56;0;Artificial bank slope treatment;3.5 and 11% lateral slope;Morphological stress;0.165;0.054;Daytime;0.12;0.163;Hydrological|Morphological;Dominance;0.383;NA;NA;NA
106;27;HyTEC fish;Experiment;River;51;Fish;Stranding of grayling specimens;0 to 96%;Behaviour;Hydropeaking treatment;Reference (25 l/s constant) and Hydropeak (125 l/s);Hydrological stress;-0.779;0;Artificial bank slope treatment;3.5 and 11% lateral slope;Morphological stress;-0.064;0.456;Daytime;-0.006;0.946;Hydrological|Morphological;Dominance;0.597;NA;NA;NA
107;27;HyTEC fish;Experiment;River;51;Fish;Downstream drift of grayling specimens;12 to 83%;Behaviour;Hydropeaking treatment;Reference (25 l/s constant) and Hydropeak (125 l/s);Hydrological stress;-0.669;0;Artificial bank slope treatment;3.5 and 11% lateral slope;Morphological stress;0.097;0.351;Daytime;-0.032;0.758;Hydrological|Morphological;Dominance;0.465;NA;NA;NA
108;28;European eutrophic lakes (phytoplankton);Cross-basin;Lake;182;Phytoplankton;Mean cyanobacteria biomass;0.01 to 29.56 mm3/l;Biomass/Abundance;Mean spring total phosphorus concentration;15 to 450 µg P/l;Nutrient stress;0.106;0.408;Mean summer precipitation;3 to 680 mm;Hydrological stress;-0.059;0.421;Lake code, Year;0.142;0.019;Nutrient|Hydrological;Interact;0.05;68.85;opposing;61.4
109;28;European eutrophic lakes (phytoplankton);Cross-basin;Lake;181;Phytoplankton;Mean cyanobacteria biomass;0.01 to 29.56 mm3/l;Biomass/Abundance;Mean spring total phosphorus concentration;15 to 450 µg P/l;Nutrient stress;0.143;0.329;Mean summer air temperature;10.5 to 25.4 °C;Thermal stress;-0.069;0.401;Lake code, Year;-0.187;0.017;Nutrient|Thermal;Interact;0.068;86.17;reversal;-28.28
110;28;European oligo- to mesotrophic lakes (phytoplankton);Cross-basin;Lake;386;Phytoplankton;Mean cyanobacteria biomass;0 to 70.46 mm3/l;Biomass/Abundance;Mean spring total phosphorus concentration;1 to 120 µg P/l;Nutrient stress;0.277;0;Mean summer air temperature;12.5 to 25.0 °C;Thermal stress;-0.011;0.826;Lake code, Year;-0.036;0.436;Nutrient|Thermal;Dominance;0.095;NA;NA;71.03
111;28;European oligo- to mesotrophic lakes (phytoplankton);Cross-basin;Lake;380;Phytoplankton;Mean cyanobacteria biomass;0 to 70.46 mm3/l;Biomass/Abundance;Mean spring total phosphorus concentration;1 to 120 µg P/l;Nutrient stress;0.268;0;Mean summer precipitation;21 to 725 mm;Hydrological stress;-0.006;0.887;Lake code, Year;0.06;0.18;Nutrient|Hydrological;Dominance;0.087;NA;NA;96.48
112;29;Norwegian flumes;Experiment;River;40;Phytobenthos;Share of cyanobacteria biomass;8 to 50%;Biodiversity;Nutrient treatment (nitrate and orthophosphate addition);Reference (TN: 235 to 370 µg N/l and TP: 2 to 7 µg P/l) and Treatment (0.5 molar solution of sodium nitrate and 0.05 molar solution of trisodium orthophosphate);Nutrient stress;0.872;0;High flow treatment;0.22 l/s and 0.77 l/s;Hydrological stress;0.58;0.126;Position in flume, Experiment;-1.011;0.019;Nutrient|Hydrological;Interact;0.103;62.31;antagonism;11.86
113;29;Norwegian flumes;Experiment;River;40;Phytobenthos;Share of diatom biomass;20 to 67%;Biodiversity;Nutrient treatment (nitrate and orthophosphate addition);Reference (TN: 235 to 370 µg N/l and TP: 2 to 7 µg P/l) and Treatment (0.5 molar solution of sodium nitrate and 0.05 molar solution of trisodium orthophosphate);Nutrient stress;0.941;0;High flow treatment;0.22 l/s and 0.77 l/s;Hydrological stress;0.76;0.094;Position in flume, Experiment;-1.071;0.028;Nutrient|Hydrological;Interact;0.134;23.32;antagonism;6.53
114;29;Norwegian flumes;Experiment;River;40;Phytobenthos;Chlorophyll-a concentration;0.04 to 3.48 µg/cm2;Biomass/Abundance;Nutrient treatment (nitrate and orthophosphate addition);Reference (TN: 235 to 370 µg N/l and TP: 2 to 7 µg P/l) and Treatment (0.5 molar solution of sodium nitrate and 0.05 molar solution of trisodium orthophosphate);Nutrient stress;0.824;0;High flow treatment;0.22 l/s and 0.77 l/s;Hydrological stress;0.54;0.165;Position in flume, Experiment;-0.66;0.097;Nutrient|Hydrological;Dominance;0.108;NA;NA;14.01
115;29;Norwegian flumes;Experiment;River;40;Phytobenthos;Share of green algae biomass;2 to 67%;Biodiversity;Nutrient treatment (nitrate and orthophosphate addition);Reference (TN: 235 to 370 µg N/l and TP: 2 to 7 µg P/l) and Treatment (0.5 molar solution of sodium nitrate and 0.05 molar solution of trisodium orthophosphate);Nutrient stress;0.726;0.001;High flow treatment;0.22 l/s and 0.77 l/s;Hydrological stress;0.017;0.961;Position in flume, Experiment;0.072;0.842;Nutrient|Hydrological;Dominance;0.159;NA;NA;87.09
116;30;AU Lake Mesocosm Warming Experiment;Experiment;Lake;176;Phytoplankton;Chlorophyll-a concentration;0.7 to 1864.5 µg/l;Biomass/Abundance;Nutrient treatment (nitrogen and phosphorus addition);TN: 0.23 mg N/l to 3.53 mg N/l, TP: 13 µg P/l to 186 µg P/l;Nutrient stress;1.887;0;Temperature treatment (ambient and A2+%50);max. temp: 22.8 °C to 31.5°C;Thermal stress;0.695;0.109;Tank, Day;-1.17;0.061;Nutrient|Thermal;Dominance;0.537;NA;NA;31.77
117;30;AU Lake Mesocosm Warming Experiment;Experiment;Lake;160;Phytoplankton;Cyanobacteria biomass;0 to 0.159 mm3/l;Biomass/Abundance;Nutrient treatment (nitrogen and phosphorus addition);TN: 0.23 mg N/l to 3.53 mg N/l, TP: 13 µg P/l to 186 µg P/l;Nutrient stress;1.185;0.011;Temperature treatment (ambient and A2+%50);max. temp: 22.8 °C to 31.5°C;Thermal stress;0.479;0.26;Tank, Day;-0.37;0.532;Nutrient|Thermal;Dominance;0.368;NA;NA;34.73
118;30;AU Lake Mesocosm Warming Experiment;Experiment;Lake;160;Phytoplankton;Cyanobacteria biomass ratio;0 to 99%;Biomass/Abundance;Nutrient treatment (nitrogen and phosphorus addition);TN: 0.23 mg N/l to 3.53 mg N/l, TP: 13 µg P/l to 186 µg P/l;Nutrient stress;0.41;0.317;Temperature treatment (ambient and A2+%50);max. temp: 22.8 °C to 31.5°C;Thermal stress;-0.475;0.25;Tank, Day;1.283;0.037;Nutrient|Thermal;Interact;0.405;26.52;reversal;56.21
119;31;Lake Eymir;Basin;Lake;65;Phytoplankton;Chlorophyll-a concentration;1 to 160 µg/l;Biomass/Abundance;Mean seasonal total phosphorus concentration;50 to 643 µg P/l;Nutrient stress;-0.258;0.044;Mean seasonal lake water level;3.4 to 6.2 m;Hydrological stress;-0.029;0.811;Season;0.319;0.025;Nutrient|Hydrological;Interact;0.091;31.7;antagonism;37.63320247
120;31;Lake Eymir;Basin;Lake;65;Phytoplankton;Chlorophyll-a concentration;1 to 160 µg/l;Biomass/Abundance;Mean seasonal total phosphorus concentration;50 to 643 µg P/l;Nutrient stress;-0.168;0.139;Mean seasonal water temperature;3.0 to 24.7 °C;Thermal stress;0.404;0.032;Season;-0.121;0.266;Nutrient|Thermal;Dominance;0.179;NA;NA;-16.61792591
121;31;Lake Eymir;Basin;Lake;65;Phytoplankton;Chlorophyll-a concentration;1 to 160 µg/l;Biomass/Abundance;Mean seasonal lake water level;3.4 to 6.2 m;Hydrological stress;0.056;0.633;Mean seasonal water temperature;3.0 to 24.7 °C;Thermal stress;0.382;0.048;Season;0.034;0.79;Hydrological|Thermal;Dominance;0.148;NA;NA;NA
122;31;Lake Mogan;Basin;Lake;64;Phytoplankton;Chlorophyll-a concentration;1 to 51 µg/l;Biomass/Abundance;Mean seasonal total phosphorus concentration;27 to 150 µg P/l;Nutrient stress;0.367;0.005;Mean seasonal lake water level;2.8 to 4.9 m;Hydrological stress;-0.133;0.302;Season;0.143;0.223;Nutrient|Hydrological;Dominance;0.167;NA;NA;58.49901292
123;31;Lake Mogan;Basin;Lake;64;Phytoplankton;Chlorophyll-a concentration;1 to 51 µg/l;Biomass/Abundance;Mean seasonal total phosphorus concentration;27 to 150 µg P/l;Nutrient stress;0.326;0.009;Mean seasonal water temperature;2.0 to 24.6 °C;Thermal stress;-0.104;0.352;Season;-0.099;0.363;Nutrient|Thermal;Dominance;0.15;NA;NA;23.13878585
124;32;CEH Aquatic Mesocosm Facility;Experiment;Lake;832;Phytoplankton;Chlorophyll-a concentration;1 to 1468 µg/L;Biomass/Abundance;Nutrient treatment (nitrogen and phosphate addition);TN: 692±218 to 1576±298 µg N/L, TP: 100±47 to 314±86 µg P/L;Nutrient stress;1.21;0;Flushing treatment (extreme flushing every 12 weeks);extreme flushing every 12 weeks;Hydrological stress;0.463;0.054;Tank;-0.36;0.279;Nutrient|Hydrological;Dominance;0.278;NA;NA;36.76
125;32;CEH Aquatic Mesocosm Facility;Experiment;Lake;832;Phytoplankton;Chlorophyll-a concentration;1 to 1468 µg/L;Biomass/Abundance;Nutrient treatment (nitrogen and phosphate addition);TN: 692±218 to 1576±298 µg N/L, TP: 100±47 to 314±86 µg P/L;Nutrient stress;1.327;0;Heating treatment (ambient + 4°C);ambient + 4°C;Thermal stress;0.368;0.138;Tank;-0.059;0.082;Nutrient|Thermal;Dominance;0.276;NA;NA;54.71
126;32;CEH Aquatic Mesocosm Facility;Experiment;Lake;288;Phytoplankton;Cyanobacteria biomass;0 to 687 µg/L;Biomass/Abundance;Nutrient treatment (nitrogen and phosphate addition);TN: 692±218 to 1576±298 µg N/L, TP: 100±47 to 314±86 µg P/L;Nutrient stress;0.95;0.002;Heating treatment (ambient + 4°C);ambient + 4°C;Thermal stress;0.908;0.003;Tank;-1.274;0.003;Nutrient|Thermal;Interact;0.145;70.35;antagonism;1.36
127;33;Drava catchment;Basin;River;525;Fish;Ecological status class based on fish fauna;Classes 1 (high) to 5 (bad);Biodiversity;Residual flow (in classes);Classes 3 (abstraction with regulated donation) to 4 (water body sections fall dry);Hydrological stress;0.245;0;Morphological alteration (in classes);Classes 3 (possible significant impact) to 4 (strongly significant impact);Morphological stress;0.303;0;NA;-0.118;0.005;Hydrological|Morphological;Interact;0.177;6.97;antagonism;NA
128;33;Drava catchment;Basin;River;525;Fish;Ecological status class based on fish fauna;Classes 1 (high) to 5 (bad);Biodiversity;Residual flow (in classes);Classes 3 (abstraction with regulated donation) to 4 (water body sections fall dry);Hydrological stress;0.241;0;Water quality (in classes);Classes 2 (low impact) to 3 (possible significant impact);Physico-chemical stress;0.181;0;NA;-0.193;0;Hydrological|Chemical;Interact;0.133;26.97;antagonism;NA
129;33;Drava catchment;Basin;River;525;Fish;Ecological status class based on fish fauna;Classes 1 (high) to 5 (bad);Biodiversity;Connectivity disruption (in classes);Classes 2 (barrier passable due to fish migration barrier) to 3 (≥1 unpassable barrier);Morphological stress;0.202;0;Morphological alteration (in classes);Classes 3 (possible significant impact) to 4 (strongly significant impact);Morphological stress;0.29;0;NA;-0.05;0.142;Morphological|Morphological;Additive;0.151;NA;NA;NA
130;33;Drava catchment;Basin;River;525;Fish;Ecological status class based on fish fauna;Classes 1 (high) to 5 (bad);Biodiversity;Connectivity disruption (in classes);Classes 2 (barrier passable due to fish migration barrier) to 3 (≥1 unpassable barrier);Morphological stress;0.222;0;Water quality (in classes);Classes 2 (low impact) to 3 (possible significant impact);Physico-chemical stress;0.198;0;NA;-0.131;0.004;Morphological|Chemical;Interact;0.105;13.61;antagonism;NA
131;33;Drava catchment;Basin;River;525;Fish;Ecological status class based on fish fauna;Classes 1 (high) to 5 (bad);Biodiversity;Morphological alteration (in classes);Classes 3 (possible significant impact) to 4 (strongly significant impact);Morphological stress;0.299;0;Water quality (in classes);Classes 2 (low impact) to 3 (possible significant impact);Physico-chemical stress;0.143;0.002;NA;0.005;0.923;Morphological|Chemical;Additive;0.124;NA;NA;NA
132;34;Romanian rivers reference modelling;Cross-basin;River;62;Benthic invertebrates;Functional-Group-Index;6.8 to 79.1;Functional traits;Modelled multi-substance Potentially Affected Fraction (msPAF);0 to 0.07;Toxic stress;-0.363;0.001;Mean annual total nitrogen concentration;0.27 to 37.24 mg N/l;Nutrient stress;-0.419;0;Region;-0.061;0.71;Nutrient|Toxic;Additive;0.378;NA;NA;6.71
133;34;Romanian rivers reference modelling;Cross-basin;River;62;Benthic invertebrates;Number of invertebrate families;4 to 25;Biodiversity;Modelled multi-substance Potentially Affected Fraction (msPAF);0 to 0.07;Toxic stress;-0.161;0.15;Mean annual nitrate-N concentration;0.04 to 22.80 mg N/l;Nutrient stress;-0.683;0;Region;0.479;0.002;Nutrient|Toxic;Interact;0.377;27.54;antagonism;39.49
134;34;Romanian rivers reference modelling;Cross-basin;River;62;Benthic invertebrates;Romanian Saprobic Index;2.09 to 2.87 SI units;Biodiversity;Modelled multi-substance Potentially Affected Fraction (msPAF);0 to 0.07;Toxic stress;0.206;0.056;Mean annual nitrate-N concentration;0.04 to 22.80 mg N/l;Nutrient stress;0.686;0;Region;-0.306;0.039;Nutrient|Toxic;Interact;0.407;10.58;antagonism;40
135;35;Multi-stressors on European fish;Cross-basin;River;3105;Fish;Share of omnivorous fish species;0 to 100%;Functional traits;Level of artificial eutrophication (in classes);Classes 1 (no) to 4 (extreme);Nutrient stress;0.203;0;Alteration of instream habitat conditions (in classes);Classes 1 (no) to 3 (high);Morphological stress;0.118;0;River type;-0.061;0;Nutrient|Morphological;Interact;0.062;7.05;antagonism;22.14
136;35;Multi-stressors on European fish;Cross-basin;River;2357;Fish;Water quality intolerant fish species biomass;0 to 2673 kg/ha;Functional traits;Level of artificial eutrophication (in classes);Classes 1 (no) to 4 (extreme);Nutrient stress;-0.224;0;Level of artificial embankment (in classes);Classes 1 (no) to 4 (high: continuous, no permeability);Morphological stress;0.147;0;River type;0.057;0.003;Nutrient|Morphological;Interact;0.061;5.01;opposing;4.7
137;35;Multi-stressors on European fish;Cross-basin;River;2357;Fish;Share of habitat quality tolerant fish biomass;0 to 100%;Functional traits;Level of artificial eutrophication (in classes);Classes 1 (no) to 4 (extreme);Nutrient stress;0.285;0;Level of artificial embankment (in classes);Classes 1 (no) to 4 (high: continuous, no permeability);Morphological stress;-0.064;0.002;River type;-0.01;0.6;Nutrient|Morphological;Additive;0.075;NA;NA;58.9
138;35;Multi-stressors on European fish;Cross-basin;River;2357;Fish;Share of habitat quality tolerant fish biomass;0 to 100%;Functional traits;Level of artificial eutrophication (in classes);Classes 1 (no) to 4 (extreme);Nutrient stress;0.259;0;Flow velocity reduction due to impoundment (in classes);Classes 1 (no) to 3 (strong);Hydrological stress;0.043;0.04;River type;0.04;0.034;Nutrient|Hydrological;Interact;0.077;1.86;synergism;63.12
139;36;Dutch lakes;Cross-basin;Lake;703;Benthic invertebrates;Number of invertebrate genera;4 to 102;Biodiversity;Modelled multi-substance Potentially Affected Fraction (msPAF);0 to 0.23;Toxic stress;-0.152;0;Mean annual total phosphorus concentration;15 to 5217 µg P/l;Nutrient stress;-0.31;0;Waterbody type;-0.051;0.081;Nutrient|Toxic;Additive;0.116;NA;NA;NA
140;37;Dutch rivers;Cross-basin;River;1452;Benthic invertebrates;Number of invertebrate genera;2 to 90;Biodiversity;Modelled multi-substance Potentially Affected Fraction (msPAF);0 to 0.40;Toxic stress;-0.027;0.363;Mean annual total phosphorus concentration;18 to 1325 µg P/l;Nutrient stress;-0.407;0;Waterbody type;-0.163;0;Nutrient|Toxic;Interact;0.198;11.97;synergism;63.76
141;38;Central European upland rivers (invertebrates);Cross-basin;River;361;Benthic invertebrates;German Saprobic Index;1.46 to 2.43 SI units;Biodiversity;Transverse bars;1.1 to 7.0 hymo score;Morphological stress;0.346;0;Modelled multi-substance Potentially Affected Fraction (msPAF NOEC);0.43 to 0.99;Toxic stress;0.287;0;River type;-0.112;0.016;Morphological|Toxic;Interact;0.234;4.32;antagonism;NA
142;38;Central European upland rivers (invertebrates);Cross-basin;River;361;Benthic invertebrates;Relative abundance of taxa preferring boulder, cobble, pebble habitats;8 to 41%;Functional traits;Transverse bars;1.1 to 7.0 hymo score;Morphological stress;-0.312;0;Modelled multi-substance Potentially Affected Fraction (msPAF NOEC);0.43 to 0.99;Toxic stress;-0.216;0;River type;0.052;0.317;Morphological|Toxic;Additive;0.169;NA;NA;NA
143;38;Central European upland rivers (invertebrates);Cross-basin;River;361;Benthic invertebrates;Relative abundance of taxa preferring living microphytes;0 to 39%;Functional traits;Transverse bars;1.1 to 7.0 hymo score;Morphological stress;-0.164;0.002;Modelled multi-substance Potentially Affected Fraction (msPAF NOEC);0.43 to 0.99;Toxic stress;-0.23;0;River type;0.152;0.007;Morphological|Toxic;Interact;0.11;16.75;antagonism;NA
144;38;Central European upland rivers (invertebrates);Cross-basin;River;289;Benthic invertebrates;German Saprobic Index;1.47 to 2.43 SI units;Biodiversity;Mean annual chloride concentration;2.5 to 233.0 mg Cl-/l;Physico-chemical stress;0.291;0;Modelled multi-substance Potentially Affected Fraction (msPAF NOEC);0.43 to 0.99;Toxic stress;0.221;0;River type;-0.044;0.419;Chemical|Toxic;Additive;0.184;NA;NA;NA
145;38;Central European upland rivers (invertebrates);Cross-basin;River;243;Benthic invertebrates;German Saprobic Index;1.48 to 2.43 SI units;Biodiversity;Mean annual total phosphorus concentration;5 to 817 µg P/l;Nutrient stress;0.278;0;Modelled multi-substance Potentially Affected Fraction (msPAF NOEC);0.43 to 0.99;Toxic stress;0.287;0;River type;-0.018;0.723;Nutrient|Toxic;Additive;0.186;NA;NA;-1.61
146;38;Central European upland rivers (invertebrates);Cross-basin;River;243;Benthic invertebrates;Relative abundance of taxa preferring boulder, cobble, pebble habitats;8 to 41%;Functional traits;Mean annual total phosphorus concentration;5 to 817 µg P/l;Nutrient stress;-0.222;0.001;Modelled multi-substance Potentially Affected Fraction (msPAF NOEC);0.43 to 0.99;Toxic stress;-0.264;0;River type;-0.023;0.686;Nutrient|Toxic;Additive;0.133;NA;NA;-8.31
147;39;Central European upland rivers (fish);Cross-basin;River;58;Fish;Share of fish species with salinity preference 'freshwater to brackish';0 to 97%;Functional traits;Mean annual total phosphorus concentration;10 to 299 µg P/l;Nutrient stress;0.317;0.009;Modelled multi-substance Potentially Affected Fraction (msPAF NOEC);0.45 to 0.99;Toxic stress;0.372;0.003;MZB type;0.137;0.291;Nutrient|Toxic;Additive;0.214;NA;NA;-6.7
148;40;Central European lowland streams and rivers (invertebrates);Cross-basin;River;433;Benthic invertebrates;Relative abundance of selected Ephemeroptera, Plecoptera, Trichoptera, Diptera taxa;0 to 1.15%;Biodiversity;River width variability;1.1 to 7 hymo score;Morphological stress;-0.273;0;Modelled multi-substance Potentially Affected Fraction (msPAF NOEC);0.55 to 0.98;Toxic stress;-0.212;0;River type;-0.016;0.704;Morphological|Toxic;Additive;0.124;NA;NA;NA
149;40;Central European lowland streams and rivers (invertebrates);Cross-basin;River;433;Benthic invertebrates;Relative abundance of shredders;0 to 43.3%;Functional traits;River width variability;1.1 to 7 hymo score;Morphological stress;-0.219;0;Modelled multi-substance Potentially Affected Fraction (msPAF NOEC);0.55 to 0.98;Toxic stress;-0.199;0;River type;0.015;0.716;Morphological|Toxic;Additive;0.096;NA;NA;NA
150;41;Central European lowland streams and rivers (fish);Cross-basin;River;43;Fish;Relative abundance of feeding type 'other';0 to 11%;Functional traits;Mean annual chloride concentration;20 to 299 mg Cl-/l;Physico-chemical stress;-0.413;0.003;Modelled multi-substance Potentially Affected Fraction (msPAF NOEC);0.56 to 0.98;Toxic stress;-0.061;0.648;MZB type;0.512;0.004;Chemical|Toxic;Interact;0.258;44.21;antagonism;NA
151;42;Finnish rivers (invertebrates);Cross-basin;River;128;Benthic invertebrates;Finnish Multimetric Index for Invertebrates;0.13 to 1.26 EQR units;Biodiversity;Mean total phosphorus concentration during ice-free period;3 to 147 µg P/l;Nutrient stress;-0.395;0;Degree of channelization;0 to 1.86 hymo score;Morphological stress;0.045;0.561;NA;-0.082;0.303;Nutrient|Morphological;Dominance;0.163;NA;NA;82.74
152;43;Pesticides effects on invertebrates;Cross-basin;River;49;Benthic invertebrates;SPEcies-At-Risk Index (pesticides);3 to 61;Functional traits;Nitrate species (sum of NH4, NO2, NO3) concentration;0 to 62.34 mg N/l;Nutrient stress;-0.619;0.003;Toxic Units (TU); -5 to -0.42;Toxic stress;-0.54;0.001;Country;-0.396;0.007;Nutrient|Toxic;Interact;0.421;4.24;synergism;5.08
153;44;SPEAR index Sweden;Cross-basin;River;100;Benthic invertebrates;SPEcies-At-Risk Index (pesticides);4 to 73;Functional traits;Mean annual total nitrogen concentration;0.1 to 12.6 mg N/l;Nutrient stress;-0.401;0;Run-off potential (proxy for dissolved amount of generic pesticides); -5 to -0.78;Toxic stress;-0.434;0;NA;-0.247;0.003;Nutrient|Toxic;Interact;0.467;10.09;synergism;-3.11
154;44;SPEAR index Sweden;Cross-basin;River;100;Benthic invertebrates;SPEcies-At-Risk Index (habitat);0 to 63;Functional traits;Mean annual total nitrogen concentration;0.1 to 12.6 mg N/l;Nutrient stress;-0.139;0.116;Instream habitat degradation score; -6 to 7;Morphological stress;-0.483;0;NA;-0.07;0.559;Nutrient|Morphological;Dominance;0.269;NA;NA;-49.77
155;45;UK investigations;Cross-basin;River;3706;Benthic invertebrates;Average score per Taxon (ASPT);0.38 to 1.31 ASPT units;Biodiversity;Standardized mean annual soluble reactive phosphorus concentration;0.06 to 1.43;Nutrient stress;-0.276;0;Fine sediment deposition risk;1.26 to 8.13;Morphological stress;-0.066;0.028;NA;-0.017;0.512;Nutrient|Morphological;Additive;0.092;NA;NA;58.57
156;45;UK investigations;Cross-basin;River;890;Benthic invertebrates;Average score per Taxon (ASPT);0.53 to 1.31 ASPT units;Biodiversity;Standardized mean annual soluble reactive phosphorus concentration;0.2 to 1.39;Nutrient stress;-0.378;0;Degree of riparian shading;0 to 100%;Morphological stress;-0.005;0.885;NA;-0.021;0.49;Nutrient|Morphological;Dominance;0.139;NA;NA;92.58
157;45;UK investigations;Cross-basin;River;825;Benthic invertebrates;Average score per Taxon (ASPT);0.48 to 1.31 ASPT units;Biodiversity;Mean total oxidised nitrogen concentration over growing season;0.1 to 19.8 mg N/l;Nutrient stress;0.012;0.757;Total River Habitat Modification Score;0 to 5516;Morphological stress;-0.273;0;NA;0.088;0.019;Nutrient|Morphological;Interact;0.077;6.49;opposing;-46.36
158;45;UK investigations;Cross-basin;River;775;Benthic invertebrates;Number of invertebrate taxa;0.26 to 1.46;Biodiversity;Standardized mean annual soluble reactive phosphorus concentration;0 to 1.25;Nutrient stress;0.196;0;Total River Habitat Modification Score;0 to 5516;Morphological stress;-0.089;0.052;NA;0.014;0.734;Nutrient|Morphological;Dominance;0.056;NA;NA;40.54
159;45;UK investigations;Cross-basin;River;772;Benthic invertebrates;Average score per Taxon (ASPT);0.48 to 1.31 ASPT units;Biodiversity;Standardized mean annual soluble reactive phosphorus concentration;0.22 to 1.4;Nutrient stress;-0.267;0;Total River Habitat Modification Score;0 to 5516;Morphological stress;-0.234;0;NA;-0.022;0.549;Nutrient|Morphological;Additive;0.152;NA;NA;6.21
160;45;UK investigations;Cross-basin;River;2115;Macrophytes;British Macrophyte Assessment Index;0.11 to 1.39 EQR units;Biodiversity;Mean total oxidised nitrogen concentration over growing season;0.1 to 20 mg N/l;Nutrient stress;-0.371;0;Degree of riparian shading;0 to 100%;Morphological stress;-0.217;0;NA;0.008;0.68;Nutrient|Morphological;Additive;0.228;NA;NA;25.98
161;45;UK investigations;Cross-basin;River;2057;Macrophytes;British Macrophyte Assessment Index;0.11 to 1.37 EQR units;Biodiversity;Mean total oxidised nitrogen concentration over growing season;0.1 to 20 mg N/l;Nutrient stress;-0.21;0;Fine sediment deposition risk;1.22 to 7.97;Morphological stress;-0.359;0;NA;0.197;0;Nutrient|Morphological;Interact;0.288;9.55;antagonism;-19.41
162;45;UK investigations;Cross-basin;River;1956;Macrophytes;British Macrophyte Assessment Index;0.11 to 1.39 EQR units;Biodiversity;Standardized mean annual soluble reactive phosphorus concentration;0.19 to 1.47;Nutrient stress;-0.401;0;Degree of riparian shading;0 to 100%;Morphological stress;-0.262;0;NA;0.091;0.06;Nutrient|Morphological;Additive;0.165;NA;NA;18.52
163;45;UK investigations;Cross-basin;River;1900;Macrophytes;British Macrophyte Assessment Index;0.11 to 1.37 EQR units;Biodiversity;Standardized mean annual soluble reactive phosphorus concentration;0.19 to 1.4;Nutrient stress;-0.31;0;Fine sediment deposition risk;1.22 to 7.97;Morphological stress;-0.396;0;NA;0.083;0.025;Nutrient|Morphological;Interact;0.287;1.48;antagonism;-10.85
164;45;UK investigations;Cross-basin;River;526;Macrophytes;British Macrophyte Assessment Index;0.16 to 1.15 EQR units;Biodiversity;Mean total oxidised nitrogen concentration over growing season;0.02 to 19.0 mg N/l;Nutrient stress;-0.374;0;Total River Habitat Modification Score;0 to 5516;Morphological stress;-0.196;0;NA;0.114;0.006;Nutrient|Morphological;Interact;0.262;3.3;antagonism;25.99
165;45;UK investigations;Cross-basin;River;490;Macrophytes;British Macrophyte Assessment Index;0.16 to 1.17 EQR units;Biodiversity;Standardized mean annual soluble reactive phosphorus concentration;0.12 to 1.35;Nutrient stress;-0.337;0;Total River Habitat Modification Score;0 to 5516;Morphological stress;-0.268;0;NA;-0.004;0.918;Nutrient|Morphological;Additive;0.237;NA;NA;11.3
166;45;UK investigations;Cross-basin;River;1809;Phytobenthos;Benthic Diatom Assessment Index;0.14 to 1.34 EQR units;Biodiversity;Mean total oxidised nitrogen concentration over growing season;0.1 to 19.2 mg N/l;Nutrient stress;-0.417;0;Fine sediment deposition risk;1.28 to 7.97;Morphological stress;-0.33;0;NA;0.108;0.001;Nutrient|Morphological;Interact;0.427;1.86;antagonism;10.18
167;45;UK investigations;Cross-basin;River;1704;Phytobenthos;Benthic Diatom Assessment Index;0.14 to 1.06 EQR units;Biodiversity;Standardized mean annual soluble reactive phosphorus concentration;0.25 to 1.43;Nutrient stress;-0.371;0;Fine sediment deposition risk;1.28 to 8.13;Morphological stress;-0.473;0;NA;0.106;0.003;Nutrient|Morphological;Interact;0.413;1.92;antagonism;-10.75
168;45;UK investigations;Cross-basin;River;808;Phytobenthos;Benthic Diatom Assessment Index;0.17 to 1.04 EQR units;Biodiversity;Mean total oxidised nitrogen concentration over growing season;0 to 19.2 mg N/l;Nutrient stress;-0.627;0;Total River Habitat Modification Score;0 to 5516;Morphological stress;-0.016;0.709;NA;0.071;0.054;Nutrient|Morphological;Dominance;0.418;NA;NA;85.55
169;45;UK investigations;Cross-basin;River;775;Phytobenthos;Benthic Diatom Assessment Index;0.17 to 1.04 EQR units;Biodiversity;Standardized mean annual soluble reactive phosphorus concentration;0.12 to 1.35;Nutrient stress;-0.43;0;Total River Habitat Modification Score;0 to 5516;Morphological stress;-0.098;0.045;NA;0.014;0.659;Nutrient|Morphological;Additive;0.246;NA;NA;61.22
170;45;UK investigations;Cross-basin;River;564;Phytobenthos;Benthic Diatom Assessment Index;0.14 to 1.06 EQR units;Biodiversity;Mean total oxidised nitrogen concentration over growing season;0.1 to 18.1 mg N/l;Nutrient stress;-0.494;0;Degree of riparian shading;0 to 100%;Morphological stress;-0.137;0;NA;0.031;0.373;Nutrient|Morphological;Additive;0.288;NA;NA;53.94
171;45;UK investigations;Cross-basin;River;527;Phytobenthos;Benthic Diatom Assessment Index;0.14 to 1.06 EQR units;Biodiversity;Standardized mean annual soluble reactive phosphorus concentration;0.27 to 1.36;Nutrient stress;-0.498;0;Degree of riparian shading;0 to 100%;Morphological stress;-0.164;0;NA;0.042;0.294;Nutrient|Morphological;Additive;0.309;NA;NA;47.48
172;15;Danish pesticides investigation;Cross-basin;River;14;Benthic invertebrates;SPEcies-At-Risk Index (pesticides);29 to 60%;Functional traits;Mean orthophosphate concentration over growing season;3 to 62 µg P/l;Nutrient stress;-0.156;0.298;Toxic Units; -6.63 to -1.73;Toxic stress;-0.396;0.013;Site;0.313;0.06;Nutrient|Toxic;Dominance;0.341;NA;NA;-27.81
173;16;Loch Leven monitoring;Basin;Lake;19;Phytoplankton;Cyanobacteria biomass;0.2 to 18.8 mm3/L;Biomass/Abundance;Mean spring total phosphorus concentration;23 to 55 µg P/L;Nutrient stress;0.479;0.044;Mean summer air temperature;12.4 to 15.1 °C;Thermal stress;0.088;0.683;Year;-0.713;0.045;Nutrient|Thermal;Interact;0.306;59.62;reversal;30.49
174;9;Odense catchment (invertebrates & macrophytes);Basin;River;77;Macrophytes;Danish Macrophyte Index for Streams;0.27 to 0.84 EQR units;Biodiversity;High flow pulse duration;1 to 23 days;Hydrological stress;-0.505;0;Mean annual water temperature;2.4 to 13.7 °C;Thermal stress;-0.129;0.203;Strahler number;-0.002;0.986;Hydrological|Thermal;Dominance;0.278;NA;NA;NA
